<Floor>
    <lightWeight>
        <val_0>20</val_0>
    </lightWeight>
    <lineDistance>
        <val_0>244.742</val_0>
    </lineDistance>
    <lineSpeed>
        <val_0>5</val_0>
    </lineSpeed>
    <bShowWarp>
        <val_0>0</val_0>
    </bShowWarp>
    <bShowDots>
        <val_0>1</val_0>
    </bShowDots>
    <bShowGrid>
        <val_0>0</val_0>
    </bShowGrid>
    <bShowButton>
        <val_0>1</val_0>
    </bShowButton>
    <buttonPos0>
        <val_0>3</val_0>
    </buttonPos0>
    <buttonPos1>
        <val_0>10</val_0>
    </buttonPos1>
    <bSaveWarp>
        <val_0>0</val_0>
    </bSaveWarp>
    <bDrawCalibration>
        <val_0>0</val_0>
    </bDrawCalibration>
    <Stage_Offset>
        <val_0>50</val_0>
    </Stage_Offset>
</Floor>
