<playerOne>
    <Start_Note>
        <val_0>36</val_0>
    </Start_Note>
    <Num_Note>
        <val_0>16</val_0>
    </Num_Note>
    <Smooth_Up_History>
        <val_0>0.103846</val_0>
    </Smooth_Up_History>
    <Smooth_Down_History>
        <val_0>0.488462</val_0>
    </Smooth_Down_History>
    <Smooth_Down_Skeleton>
        <val_0>0.492308</val_0>
    </Smooth_Down_Skeleton>
    <Smooth_Up_Skeleton>
        <val_0>0.107692</val_0>
    </Smooth_Up_Skeleton>
    <JazzDrums>
        <val_0>1</val_0>
    </JazzDrums>
    <Send_All_Triggers>
        <val_0>0</val_0>
    </Send_All_Triggers>
    <Draw_Graphs>
        <val_0>0</val_0>
    </Draw_Graphs>
    <Body_Drop_Time>
        <val_0>500</val_0>
    </Body_Drop_Time>
    <Output>
        <val_0>1</val_0>
    </Output>
    <Percentile>
        <val_0>0.75</val_0>
    </Percentile>
    <ThresholdSmoothing>
        <val_0>0.365385</val_0>
    </ThresholdSmoothing>
    <Velocity_Cutoff>
        <val_0>1</val_0>
    </Velocity_Cutoff>
    <Send_Test>
        <val_0>0</val_0>
    </Send_Test>
</playerOne>
<playerTwo>
    <Start_Note>
        <val_0>36</val_0>
    </Start_Note>
    <Num_Note>
        <val_0>16</val_0>
    </Num_Note>
    <Smooth_Up_History>
        <val_0>0.0692308</val_0>
    </Smooth_Up_History>
    <Smooth_Down_History>
        <val_0>0.45</val_0>
    </Smooth_Down_History>
    <Smooth_Down_Skeleton>
        <val_0>0.461538</val_0>
    </Smooth_Down_Skeleton>
    <Smooth_Up_Skeleton>
        <val_0>0.0538462</val_0>
    </Smooth_Up_Skeleton>
    <JazzDrums>
        <val_0>1</val_0>
    </JazzDrums>
    <Send_All_Triggers>
        <val_0>0</val_0>
    </Send_All_Triggers>
    <Draw_Graphs>
        <val_0>0</val_0>
    </Draw_Graphs>
    <Body_Drop_Time>
        <val_0>500</val_0>
    </Body_Drop_Time>
    <Output>
        <val_0>1</val_0>
    </Output>
    <Percentile>
        <val_0>0.75</val_0>
    </Percentile>
    <ThresholdSmoothing>
        <val_0>0.1</val_0>
    </ThresholdSmoothing>
    <Velocity_Cutoff>
        <val_0>1</val_0>
    </Velocity_Cutoff>
</playerTwo>
