<skeleton_transform>
    <scaleX>
        <val_0>1</val_0>
    </scaleX>
    <scaleY>
        <val_0>1</val_0>
    </scaleY>
    <scaleZ>
        <val_0>1</val_0>
    </scaleZ>
    <offsetX>
        <val_0>-476.923</val_0>
    </offsetX>
    <offsetY>
        <val_0>276.923</val_0>
    </offsetY>
    <offsetZ>
        <val_0>0</val_0>
    </offsetZ>
    <rotationX>
        <val_0>180</val_0>
    </rotationX>
    <rotationY>
        <val_0>0</val_0>
    </rotationY>
    <rotationZ>
        <val_0>0</val_0>
    </rotationZ>
</skeleton_transform>
